{
  "epsilon": [
    0.01,
    0.02,
    0.03,
    0.04,
    0.05,
    0.06,
    0.07,
    0.08,
    0.09,
    0.1
  ],
  "clean": [
    0.9557522123893806,
    0.9557522123893806,
    0.9557522123893806,
    0.9557522123893806,
    0.9557522123893806,
    0.9557522123893806,
    0.9557522123893806,
    0.9557522123893806,
    0.9557522123893806,
    0.9557522123893806
  ],
  "fgsm": [
    0.8504424778761062,
    0.772566371681416,
    0.7327433628318584,
    0.684070796460177,
    0.6530973451327433,
    0.6300884955752213,
    0.6053097345132743,
    0.5876106194690266,
    0.5734513274336284,
    0.5699115044247788
  ],
  "pgd": [
    0.8026548672566372,
    0.7044247787610619,
    0.6221238938053097,
    0.5796460176991151,
    0.5504424778761062,
    0.5371681415929204,
    0.5292035398230088,
    0.5283185840707965,
    0.5274336283185841,
    0.5274336283185841
  ]
}