{
  "epsilon": [
    0.01,
    0.02,
    0.03,
    0.04,
    0.05,
    0.06,
    0.07,
    0.08,
    0.09,
    0.1
  ],
  "clean": [
    0.9646017551422119,
    0.9646017551422119,
    0.9646017551422119,
    0.9646017551422119,
    0.9646017551422119,
    0.9646017551422119,
    0.9646017551422119,
    0.9646017551422119,
    0.9646017551422119,
    0.9646017551422119
  ],
  "fgsm": [
    0.7849557399749756,
    0.7176991105079651,
    0.67345130443573,
    0.625663697719574,
    0.5902655124664307,
    0.5805310010910034,
    0.5725663900375366,
    0.569026529788971,
    0.5619469285011292,
    0.5548672676086426
  ],
  "pgd": [
    0.6778761148452759,
    0.5716814398765564,
    0.5433628559112549,
    0.5292035341262817,
    0.5283185839653015,
    0.5274336338043213,
    0.5274336338043213,
    0.5274336338043213,
    0.5274336338043213,
    0.5274336338043213
  ]
}