{
  "epsilon": [
    0.01,
    0.02,
    0.03,
    0.04,
    0.05,
    0.06,
    0.07,
    0.08,
    0.09,
    0.1
  ],
  "clean": [
    0.9619469026548673,
    0.9619469026548673,
    0.9619469026548673,
    0.9619469026548673,
    0.9619469026548673,
    0.9619469026548673,
    0.9619469026548673,
    0.9619469026548673,
    0.9619469026548673,
    0.9619469026548673
  ],
  "fgsm": [
    0.7938053097345132,
    0.7230088495575221,
    0.6929203539823009,
    0.6619469026548672,
    0.6407079646017699,
    0.620353982300885,
    0.6061946902654868,
    0.588495575221239,
    0.5690265486725664,
    0.5530973451327433
  ],
  "pgd": [
    0.7150442477876107,
    0.6327433628318584,
    0.5663716814159292,
    0.536283185840708,
    0.5292035398230088,
    0.5283185840707965,
    0.5283185840707965,
    0.5274336283185841,
    0.5274336283185841,
    0.5274336283185841
  ]
}