{
  "epsilon": [
    0.01,
    0.02,
    0.03,
    0.04,
    0.05,
    0.06,
    0.07,
    0.08,
    0.09,
    0.1
  ],
  "clean": [
    0.9649289099526066,
    0.9649289099526066,
    0.9649289099526066,
    0.9649289099526066,
    0.9649289099526066,
    0.9649289099526066,
    0.9649289099526066,
    0.9649289099526066,
    0.9649289099526066,
    0.9649289099526066
  ],
  "fgsm": [
    0.9620853080568721,
    0.9563981042654028,
    0.9459715639810427,
    0.9298578199052133,
    0.9203791469194312,
    0.9090047393364928,
    0.8900473933649289,
    0.8824644549763033,
    0.8729857819905213,
    0.8691943127962085
  ],
  "pgd": [
    0.9620853080568721,
    0.957345971563981,
    0.9450236966824644,
    0.9289099526066351,
    0.9156398104265403,
    0.8966824644549763,
    0.8834123222748815,
    0.8691943127962085,
    0.8530805687203792,
    0.8360189573459715
  ]
}