{
  "epsilon": [
    0.01,
    0.02,
    0.03,
    0.04,
    0.05,
    0.06,
    0.07,
    0.08,
    0.09,
    0.1
  ],
  "clean": [
    0.966824644549763,
    0.966824644549763,
    0.966824644549763,
    0.966824644549763,
    0.966824644549763,
    0.966824644549763,
    0.966824644549763,
    0.966824644549763,
    0.966824644549763,
    0.966824644549763
  ],
  "fgsm": [
    0.9687203791469194,
    0.9658767772511848,
    0.9545023696682464,
    0.9507109004739337,
    0.9402843601895735,
    0.9355450236966825,
    0.9260663507109005,
    0.919431279620853,
    0.9052132701421801,
    0.8957345971563981
  ],
  "pgd": [
    0.9677725118483412,
    0.9649289099526066,
    0.9516587677725118,
    0.9469194312796209,
    0.9317535545023696,
    0.9241706161137441,
    0.9109004739336493,
    0.8805687203791469,
    0.8635071090047394,
    0.842654028436019
  ]
}