{
  "epsilon": [
    0.01,
    0.02,
    0.03,
    0.04,
    0.05,
    0.06,
    0.07,
    0.08,
    0.09,
    0.1
  ],
  "clean": [
    0.966824644549763,
    0.966824644549763,
    0.966824644549763,
    0.966824644549763,
    0.966824644549763,
    0.966824644549763,
    0.966824644549763,
    0.966824644549763,
    0.966824644549763,
    0.966824644549763
  ],
  "fgsm": [
    0.9658767772511848,
    0.957345971563981,
    0.9497630331753555,
    0.9383886255924171,
    0.933649289099526,
    0.9232227488151659,
    0.9118483412322275,
    0.8976303317535546,
    0.8900473933649289,
    0.885308056872038
  ],
  "pgd": [
    0.9658767772511848,
    0.9582938388625593,
    0.9478672985781991,
    0.9374407582938389,
    0.9251184834123223,
    0.9061611374407583,
    0.8890995260663507,
    0.8691943127962085,
    0.8597156398104265,
    0.8454976303317535
  ]
}